,Identifiant,target
0,16872,0.3493893
1,16852,0.40057853
2,598,0.19875202
3,4516,0.031927634
4,7939,0.14901924
5,17980,0.27362
6,15861,0.28986487
7,577,0.2278631
8,18087,0.40623224
9,12221,0.2907211
10,6839,0.119952135
11,5834,0.12840705
12,3896,0.16388534
13,12247,0.30576953
14,17909,0.22873616
15,6124,0.0344328
16,13178,0.23778835
17,9516,0.1679761
18,3808,0.07578372
19,14658,0.1435083
20,3073,0.29974663
21,7309,0.20575574
22,660,0.12531178
23,7128,0.01714442
24,8745,0.19704802
25,15290,0.28858986
26,7918,0.08859697
27,15825,0.19486678
28,300,0.0587967
29,8997,0.30813488
30,3181,0.1373009
31,477,0.067558944
32,16878,0.1801095
33,16214,0.101298876
34,8830,0.58382607
35,10748,0.12806408
36,3144,0.068405345
37,4452,0.16890295
38,11895,0.29423758
39,4681,0.14230451
40,4319,0.18614762
41,3120,0.16247204
42,16060,0.6997466
43,11253,0.17061983
44,18899,0.053059965
45,14654,0.3244561
46,7453,0.14270934
47,4042,0.24738811
48,10673,0.13670611
49,1347,0.4818843
50,1076,0.074620694
51,15749,0.185519
52,18827,0.22458974
53,3428,0.07778898
54,4093,0.06066661
55,13200,0.46268487
56,12775,0.12978612
57,8915,0.66794276
58,9316,0.1763104
59,5385,0.35121664
60,3642,0.097516805
61,15591,0.080798395
62,6597,0.21708997
63,18928,0.19611526
64,14286,0.1775465
65,5322,0.29097903
66,4543,0.31135777
67,15369,0.15041776
68,15755,0.3882752
69,15164,0.11571301
70,19623,0.03269854
71,15837,0.6081037
72,9629,0.18795039
73,8662,0.124005176
74,13923,0.15931863
75,2822,0.3048165
76,4420,0.20195274
77,15633,0.100327164
78,10637,0.2759448
79,2291,0.16033694
80,7154,0.46067905
81,12030,0.23461199
82,5155,0.1674378
83,3211,0.28552872
84,13684,0.17598887
85,3898,0.55446047
86,1421,0.56067806
87,14863,0.19355336
88,6035,0.25032806
89,3842,0.16089776
90,16680,0.34628823
91,6510,0.046939217
92,9144,0.17743911
93,4177,0.08883033
94,7067,0.35475844
95,4590,0.16210818
96,18786,0.19547415
97,12732,0.19995855
98,10376,0.25058556
99,3529,0.43951234
100,14135,0.13810527
101,19114,0.16700372
102,13632,0.12160855
103,13300,0.23475711
104,7760,0.119403
105,10984,0.293532
106,18962,0.08879944
107,18240,0.36394453
108,4394,0.37585497
109,8423,0.18004057
110,3499,0.033639275
111,10726,0.16882144
112,7686,0.37035057
113,12026,0.07579613
114,10100,0.120575264
115,6725,0.1740007
116,6492,0.13304107
117,12548,0.38844407
118,12972,0.6657169
119,15850,0.0746497
120,16890,0.5998783
121,6488,0.20311359
122,10456,0.23000997
123,6645,0.1630339
124,16756,0.12186657
125,15070,0.110332
126,12216,0.277355
127,6770,0.13490006
128,10660,0.13920651
129,8376,0.13934813
130,15612,0.25195342
131,12200,0.22656669
132,13734,0.17769164
133,17668,0.31916484
134,883,0.34868604
135,715,0.118268065
136,18881,0.18898304
137,10756,0.14129525
138,1730,0.24015582
139,6362,0.13281246
140,1484,0.57409173
141,6584,0.1793075
142,18631,0.20075081
143,9695,0.293488
144,13966,0.091492884
145,6632,0.4237728
146,14112,0.18075463
147,5589,0.2445429
148,1883,0.13825667
149,6423,0.1530225
150,4309,0.14485097
151,10049,0.21575922
152,9611,0.1761931
153,3392,0.11425934
154,733,0.37639436
155,19887,0.32253364
156,16346,0.16275461
157,18840,0.20600064
158,3213,0.15091576
159,17208,0.4487335
160,13423,0.124636725
161,2810,0.42449617
162,16667,0.6363116
163,4652,0.3415355
164,6399,0.3491688
165,19069,0.3153368
166,6123,0.17945819
167,16716,0.3350403
168,8806,0.19268014
169,16386,0.20098513
170,12083,0.066539034
171,3784,0.16862056
172,2567,0.2786355
173,12169,0.08819043
174,12079,0.49152642
175,11914,0.26910782
176,18511,0.11451558
177,14430,0.11959899
178,15677,0.10473159
179,9186,0.36203936
180,15159,0.4679118
181,5212,0.12666304
182,4048,0.09088216
183,7645,0.5759948
184,15987,0.32286772
185,18531,0.036659926
186,15616,0.14017498
187,13795,0.12503314
188,1840,0.17980522
189,19468,0.14977686
190,750,0.13578078
191,13006,0.40721977
192,11198,0.32051533
193,14398,0.5785407
194,14906,0.15300326
195,5962,0.12868328
196,8148,0.04211207
197,12799,0.16355145
198,9660,0.2343506
199,1938,0.13446592
200,10907,0.22076866
201,12063,0.14835446
202,1022,0.092362635
203,17187,0.12749122
204,14347,0.10311292
205,3258,0.70501256
206,16553,0.46222046
207,6648,0.14364351
208,9095,0.19186471
209,12067,0.113458306
210,10919,0.35142082
211,17460,0.7271179
212,19822,0.14143926
213,7914,0.17006361
214,4232,0.16323783
215,11989,0.33017632
216,7872,0.12894928
217,9004,0.44097215
218,9664,0.55103195
219,19916,0.61988765
220,10960,0.20813628
221,11328,0.12391692
222,19087,0.15778749
223,16161,0.3660205
224,3683,0.13185984
225,7448,0.16256976
226,7838,0.09177349
227,16952,0.40038916
228,16439,0.122892536
229,17760,0.3059269
230,16998,0.19441989
231,11641,0.043049295
232,14078,0.22352561
233,3152,0.16076218
234,19314,0.22258596
235,10924,0.2720605
236,820,0.32374883
237,5701,0.035183147
238,9276,0.38151574
239,15177,0.08506411
240,6717,0.21118587
241,7748,0.10671547
242,15822,0.28309447
243,17065,0.08351506
244,17363,0.5675173
245,13252,0.3032167
246,5046,0.11064086
247,17927,0.15741289
248,7235,0.32610577
249,18344,0.37355992
250,10689,0.06686818
251,7866,0.18721755
252,6422,0.22901332
253,6931,0.10344187
254,14853,0.122615114
255,13207,0.19096875
256,10594,0.10824295
257,4363,0.08010306
258,10735,0.17679252
259,15016,0.24380939
260,17430,0.444894
261,19763,0.17068815
262,11827,0.063642226
263,17533,0.23730595
264,3601,0.10584724
265,4836,0.14297357
266,9698,0.29267317
267,11377,0.16225177
268,8617,0.14686143
269,16259,0.36454824
270,12058,0.26171574
271,18815,0.44949892
272,4121,0.17660746
273,8560,0.25966778
274,15926,0.22022344
275,13125,0.22317207
276,17542,0.29362333
277,9633,0.18836
278,15614,0.107039504
279,7738,0.2071535
280,3253,0.26792908
281,17471,0.14323068
282,18490,0.6481113
283,3125,0.26799425
284,5780,0.23722225
285,16738,0.2165839
286,3675,0.24991032
287,1936,0.17280675
288,15300,0.08938229
289,4068,0.22172794
290,18334,0.16533633
291,2591,0.27337453
292,1223,0.10824245
293,5874,0.061690856
294,8151,0.059760343
295,8525,0.36203936
296,11330,0.20718354
297,1432,0.14391714
298,7632,0.09731935
299,19062,0.1390111
300,12911,0.33277503
301,10050,0.2037471
302,5066,0.09669407
303,7957,0.24733762
304,2230,0.09756257
305,9868,0.1549184
306,16098,0.33571348
307,1058,0.06167349
308,11457,0.561795
309,8558,0.4279288
310,16437,0.16695537
311,19210,0.1562998
312,11899,0.15406749
313,15868,0.6831494
314,11286,0.27637377
315,4084,0.13502033
316,8623,0.16881956
317,11104,0.15964293
318,7124,0.21896446
319,15672,0.30489525
320,10106,0.13789807
321,8563,0.23806573
322,5921,0.07503619
323,8996,0.34416083
324,12033,0.2440493
325,1959,0.24549639
326,1859,0.16287844
327,798,0.17072076
328,8007,0.19100222
329,1514,0.023939325
330,2992,0.13542412
331,8583,0.5496423
332,18793,0.31639048
333,11516,0.12748106
334,1951,0.40489239
335,13073,0.027337823
336,9452,0.15137649
337,19017,0.2169071
338,10509,0.64785105
339,4677,0.14388362
340,4714,0.123962134
341,1525,0.15341975
342,10690,0.073393285
343,4762,0.28591797
344,10512,0.24679954
345,4386,0.13580178
346,16222,0.3442384
347,3212,0.29605073
348,14971,0.374082
349,12434,0.091264896
350,4946,0.007253817
351,14526,0.107962586
352,14264,0.16754931
353,11463,0.26544932
354,2503,0.11969947
355,8481,0.2758359
356,4832,0.10368703
357,8251,0.4528763
358,1168,0.2408021
359,16280,0.4710128
360,438,0.17280675
361,2249,0.076495156
362,1057,0.21346803
363,16466,0.19026068
364,9580,0.07579519
365,1667,0.6651408
366,16928,0.11434981
367,15740,0.07644265
368,11399,0.18964662
369,9562,0.18903092
370,5405,0.23362151
371,18618,0.08102317
372,6179,0.0948239
373,5178,0.26080558
374,15535,0.1923513
375,8570,0.56871986
376,4072,0.62351304
377,3622,0.15279134
378,3730,0.09967325
379,12461,0.048874624
380,17922,0.65123606
381,6853,0.12576173
382,9932,0.30622795
383,9283,0.1599453
384,12962,0.12937494
385,3526,0.1319879
386,17700,0.112140134
387,13567,0.10621423
388,11638,0.23162426
389,1521,0.23186411
390,14952,0.16592881
391,16874,0.15515968
392,14831,0.41943228
393,18492,0.4870088
394,11843,0.13422276
395,11038,0.14581367
396,5827,0.07194203
397,5860,0.16658883
398,8139,0.26521116
399,16219,0.25366625
400,11223,0.18805707
401,4969,0.14044993
402,17691,0.064398095
403,6820,0.2910775
404,10941,0.2672222
405,16110,0.4681079
406,2557,0.29433
407,8768,0.31535113
408,7323,0.262461
409,8734,0.13886717
410,18788,0.15324278
411,17921,0.19536301
412,4655,0.21085614
413,15735,0.53999704
414,6873,0.19018872
415,12338,0.065339066
416,7977,0.1949819
417,19733,0.11918635
418,16265,0.28773946
419,9977,0.10285591
420,8503,0.4162125
421,1066,0.4015414
422,15963,0.23152453
423,6105,0.14210892
424,6385,0.4727393
425,9825,0.08526101
426,4251,0.35651448
427,11770,0.12094223
428,2257,0.06398667
429,7132,0.19995855
430,19852,0.30440712
431,7203,0.13864706
432,3495,0.09790586
433,2805,0.09582354
434,15809,0.17054807
435,18556,0.15715475
436,18630,0.2962163
437,15060,0.41328803
438,6006,0.124682195
439,7656,0.112140015
440,11813,0.4351624
441,9070,0.050624862
442,5353,0.09989344
443,19043,0.23888458
444,18693,0.11233474
445,15172,0.1076879
446,4999,0.1773057
447,5599,0.13614188
448,1418,0.17476286
449,16056,0.44355515
450,5373,0.4028362
451,6048,0.12980443
452,3666,0.1882135
453,5503,0.24366295
454,8787,0.42033
455,9010,0.1185016
456,8790,0.13675314
457,108,0.13259397
458,16480,0.1892558
459,4271,0.12489108
460,10072,0.13934276
461,7592,0.1744289
462,15223,0.15611246
463,2041,0.08343047
464,11662,0.06424127
465,4757,0.2623614
466,18408,0.22667885
467,1630,0.07990943
468,10953,0.25922662
469,1234,0.107114166
470,2506,0.18367831
471,5344,0.097379036
472,6433,0.09488881
473,10861,0.15103735
474,15292,0.06002096
475,16497,0.15434577
476,14029,0.27412
477,6012,0.09042953
478,6400,0.070205756
479,7481,0.43856534
480,3905,0.12855475
481,12005,0.4913341
482,2337,0.14062195
483,3354,0.12195728
484,3773,0.13766807
485,3445,0.09667079
486,2803,0.23767802
487,17512,0.41242597
488,11931,0.13136463
489,5762,0.19967991
490,6144,0.23206976
491,13266,0.2821245
492,15936,0.12107885
493,11348,0.21123797
494,8530,0.16995022
495,9329,0.15176111
496,11068,0.37221467
497,6774,0.0662274
498,16151,0.39560106
499,6305,0.1799987
500,2010,0.15822026
501,9739,0.14385556
502,4793,0.16052672
503,19295,0.44291195
504,1953,0.10717171
505,10745,0.39149415
506,8878,0.6187558
507,3191,0.51913184
508,11883,0.17359555
509,11956,0.07405592
510,13843,0.31702897
511,2502,0.14177282
512,18470,0.15902573
513,10285,0.18200473
514,7467,0.09745317
515,7612,0.10727357
516,9240,0.14479499
517,19592,0.07241944
518,8524,0.68263674
519,19037,0.093186714
520,4144,0.4826815
521,4430,0.1763104
522,872,0.09937159
523,2590,0.27337453
524,16455,0.053519588
525,6644,0.14957558
526,19346,0.13808732
527,18269,0.2418082
528,18172,0.4370643
529,16968,0.2636401
530,11224,0.23369944
531,3236,0.28233966
532,4690,0.098487034
533,17636,0.37988445
534,5685,0.26249477
535,18544,0.59199667
536,14881,0.09309892
537,13951,0.13449569
538,9504,0.20251533
539,11183,0.18759257
540,17554,0.3225179
541,13157,0.3398496
542,9309,0.16752386
543,14155,0.40179574
544,16875,0.15257339
545,9652,0.26815367
546,10048,0.09002235
547,7937,0.16771896
548,15557,0.21570662
549,13955,0.16358414
550,8038,0.1517531
551,18523,0.20345017
552,3133,0.123009406
553,10339,0.17128545
554,2471,0.16840707
555,18427,0.69950056
556,12007,0.07935645
557,13870,0.086601906
558,15893,0.23650233
559,10038,0.2749414
560,12774,0.46013767
561,6543,0.20590588
562,15285,0.13080306
563,2768,0.23809293
564,326,0.6323503
565,12639,0.5854646
566,15053,0.5108747
567,6367,0.12743533
568,4076,0.5444476
569,8720,0.2544892
570,781,0.12980443
571,15452,0.23836459
572,13466,0.17278674
573,13961,0.14078622
574,4074,0.08817271
575,11682,0.1774186
576,18739,0.12102661
577,12474,0.16302112
578,10883,0.187837
579,12662,0.12717165
580,6610,0.15416373
581,7048,0.15900832
582,9852,0.21135178
583,6333,0.10639544
584,11099,0.0756267
585,1703,0.42399767
586,7841,0.13053194
587,6194,0.13986644
588,1559,0.58033335
589,13617,0.16550286
590,8467,0.1723744
591,19326,0.11804138
592,9684,0.17652623
593,5722,0.37221467
594,6903,0.13016258
595,16079,0.15420498
596,9662,0.1433005
597,14172,0.19930284
598,3310,0.16400409
599,15338,0.10949149
600,3641,0.117346786
601,19622,0.2850302
602,9399,0.14883621
603,6662,0.08522311
604,7767,0.3204674
605,7633,0.12096691
606,5948,0.0783051
607,15508,0.19279774
608,2145,0.27653447
609,14923,0.18851988
610,10732,0.4269788
611,14122,0.038270682
612,2615,0.15345956
613,12429,0.22252531
614,11986,0.15221567
615,9495,0.42481974
616,3077,0.11199772
617,684,0.11598117
618,8819,0.7080131
619,952,0.11646101
620,15832,0.09245397
621,1834,0.26834884
622,12193,0.5711732
623,3700,0.12954965
624,14378,0.19957665
625,17369,0.57879037
626,9968,0.22043824
627,16473,0.32247132
628,9598,0.197559
629,10802,0.20490167
630,18094,0.0465324
631,11020,0.07535906
632,16130,0.18777703
633,15914,0.060752217
634,15318,0.34548905
635,9803,0.04225776
636,7100,0.09761465
637,2429,0.16557069
638,15720,0.113073915
639,1028,0.48683673
640,18796,0.5939852
641,4458,0.21397543
642,13943,0.097339354
643,6615,0.16226703
644,9897,0.19560422
645,5282,0.4717103
646,15845,0.1401176
647,9032,0.1427671
648,5679,0.16816182
649,9927,0.1657331
650,13786,0.4219827
651,19504,0.0532408
652,16773,0.25195342
653,4426,0.09771907
654,3884,0.24826446
655,1137,0.1819729
656,11552,0.26011136
657,4206,0.1358606
658,10812,0.27233538
659,1621,0.15017688
660,1103,0.12303377
661,18684,0.46153215
662,7672,0.5419169
663,17836,0.113059625
664,14439,0.22673212
665,17795,0.15540299
666,7459,0.3106376
667,11479,0.089616306
668,9926,0.15472764
669,14910,0.35729316
670,13127,0.14867982
671,707,0.21071276
672,19394,0.095125325
673,5005,0.23540705
674,19223,0.062386125
675,10192,0.03002158
676,7779,0.20526786
677,14606,0.33005238
678,6284,0.15160523
679,4723,0.12781328
680,15996,0.024429953
681,18489,0.45722
682,11910,0.44644013
683,10790,0.07906868
684,8048,0.23014888
685,583,0.13641757
686,17518,0.17905208
687,17454,0.21146776
688,8740,0.16849296
689,18475,0.13511337
690,15343,0.37498876
691,3973,0.2331249
692,18680,0.036574073
693,7940,0.087918304
694,15829,0.0813009
695,16684,0.11663076
696,15974,0.046739317
697,17888,0.48123568
698,11323,0.47538012
699,3575,0.16777815
700,15077,0.16746299
701,685,0.12753896
702,18074,0.28172895
703,7862,0.18768804
704,8308,0.28344116
705,13557,0.444672
706,19333,0.14238334
707,12757,0.2815553
708,15314,0.25967425
709,19611,0.11351139
710,9438,0.16225834
711,1679,0.14520778
712,11825,0.27758414
713,16258,0.5540233
714,12772,0.26969197
715,4168,0.033686507
716,16620,0.17283337
717,9983,0.36352706
718,19177,0.4684737
719,974,0.12789017
720,4221,0.03456777
721,17916,0.6802423
722,15525,0.20973773
723,2824,0.1104805
724,11826,0.40776235
725,12455,0.0828738
726,9873,0.19644038
727,3830,0.023394505
728,17183,0.033175696
729,17940,0.2889926
730,18073,0.278192
731,3336,0.18782778
732,10945,0.15170543
733,6528,0.16518617
734,10967,0.28219283
735,7170,0.37387013
736,15700,0.24562941
737,15065,0.6541047
738,2864,0.21998619
739,10140,0.15200324
740,11664,0.201755
741,15641,0.11364561
742,18114,0.3843718
743,6815,0.29817957
744,1538,0.5598667
745,29,0.13252236
746,604,0.15277219
747,3223,0.2663844
748,11738,0.19044042
749,10725,0.109214924
750,12655,0.17236759
751,13310,0.2587182
752,14563,0.40474465
753,6031,0.14859796
754,13897,0.11234473
755,5430,0.102948986
756,2287,0.6573179
757,10083,0.17884634
758,10912,0.21239996
759,9224,0.17746584
760,16029,0.07829184
761,18121,0.6418335
762,3268,0.24027582
763,15704,0.21867055
764,7496,0.20647694
765,13733,0.45947164
766,5034,0.16421013
767,8804,0.13480617
768,11533,0.12764844
769,4439,0.063775115
770,15439,0.24641213
771,4931,0.22277652
772,6521,0.36345366
773,16944,0.16861816
774,14400,0.20995678
775,15569,0.07888548
776,17029,0.6887875
777,2077,0.12977083
778,9022,0.19032016
779,2281,0.11435414
780,3467,0.13108012
781,15154,0.41778117
782,1656,0.5491719
783,5967,0.23753701
784,16929,0.05747008
785,4797,0.44280177
786,15007,0.20743002
787,16073,0.17569613
788,15031,0.10173523
789,12687,0.46051475
790,12407,0.16736205
791,16205,0.17204246
792,10612,0.31171638
793,18261,0.24795496
794,6619,0.24316171
795,15049,0.63209504
796,14843,0.160157
797,4717,0.15608464
798,15960,0.4901424
799,15680,0.10225092
800,14362,0.32786077
801,11192,0.23626916
802,14715,0.20672362
803,7995,0.2746836
804,10439,0.21398401
805,5469,0.005667852
806,19486,0.0704552
807,10250,0.33056647
808,13570,0.2724139
809,5002,0.13033679
810,16847,0.03087223
811,6226,0.37220824
812,6664,0.1791317
813,5548,0.28012773
814,11259,0.40364498
815,15737,0.25195342
816,9654,0.14304593
817,10415,0.09808459
818,18051,0.108969025
819,10691,0.08547208
820,19214,0.20432371
821,17403,0.25195342
822,1445,0.10584724
823,6880,0.12706639
824,14067,0.14343914
825,9724,0.1684405
826,16361,0.14300947
827,14713,0.54520464
828,17389,0.6345446
829,19382,0.092631996
830,6517,0.17705464
831,8119,0.27704212
832,14311,0.32539368
833,18768,0.5067096
834,7890,0.41330668
835,332,0.24363318
836,17020,0.2430393
837,7956,0.2159337
838,4570,0.3793022
839,15456,0.26180938
840,433,0.080416635
841,5630,0.23858686
842,16064,0.03328444
843,8566,0.26479635
844,4265,0.14155328
845,11475,0.15973167
846,3090,0.0758707
847,2452,0.18104906
848,12267,0.096189134
849,10583,0.13361955
850,6183,0.11707238
851,308,0.19721352
852,15181,0.1662669
853,12699,0.12402127
854,10328,0.18188462
855,13775,0.2670906
856,11867,0.1245282
857,7527,0.035400584
858,8917,0.26850203
859,15900,0.09182428
860,11618,0.444672
861,2808,0.36090058
862,19073,0.21723136
863,7163,0.3196943
864,15762,0.086077586
865,8971,0.21607092
866,17140,0.02282596
867,2549,0.36013508
868,15331,0.24466473
869,17370,0.10397586
870,11573,0.1551897
871,6855,0.058816455
872,15559,0.064648084
873,12666,0.22967507
874,113,0.79153055
875,2342,0.14607178
876,3662,0.35313103
877,15039,0.12104293
878,19357,0.72201145
879,989,0.24888827
880,15977,0.48771426
881,11154,0.21546619
882,9192,0.039074942
883,18933,0.16686015
884,14576,0.19919029
885,7822,0.13470572
886,17494,0.20993334
887,5432,0.09010188
888,3886,0.12118385
889,19099,0.4056744
890,17444,0.4109017
891,2642,0.12729384
892,18575,0.1398405
893,19419,0.11554951
894,14837,0.14952761
895,17583,0.26546678
896,541,0.16636007
897,925,0.15988064
898,2814,0.1154872
899,19321,0.10375923
900,3681,0.15599339
901,7578,0.08671787
902,7804,0.1217705
903,8736,0.42694044
904,14610,0.11966813
905,6798,0.25540617
906,4105,0.070212364
907,13721,0.31565857
908,12498,0.08286631
909,6786,0.23732781
910,9649,0.23944347
911,3925,0.17957328
912,6970,0.25731856
913,4371,0.17575334
914,2903,0.10690798
915,11164,0.12801959
916,80,0.120360374
917,5190,0.11726286
918,17562,0.17572741
919,14141,0.17736275
920,8287,0.1389619
921,411,0.113099426
922,1134,0.1949343
923,15565,0.1713696
924,4317,0.17919457
925,10076,0.13623835
926,5891,0.11817439
927,17195,0.41119188
928,14646,0.57231563
929,15792,0.3478655
930,9107,0.15506892
931,5361,0.22922525
932,17503,0.09052738
933,3438,0.12124318
934,613,0.31207424
935,8955,0.20642675
936,5023,0.162109
937,12087,0.08484739
938,14692,0.1775634
939,14154,0.24117537
940,10225,0.25661358
941,9812,0.1651215
942,2513,0.08223353
943,12279,0.16585666
944,2165,0.28624576
945,8865,0.17604266
946,5800,0.09747374
947,11100,0.08934562
948,129,0.40107006
949,15122,0.5671242
950,9581,0.14557658
951,15400,0.6879708
952,4437,0.11556935
953,4936,0.12775676
954,13375,0.18486878
955,2441,0.11815849
956,4070,0.62182385
957,4840,0.32372254
958,13182,0.055530593
959,7385,0.19527794
960,17666,0.27521804
961,11947,0.031280126
962,3656,0.15160915
963,1486,0.3086051
964,10787,0.13127263
965,5581,0.10125088
966,10856,0.14682868
967,18775,0.23218898
968,7186,0.14345331
969,4983,0.19647445
970,14724,0.1319879
971,1462,0.15850784
972,13904,0.04991717
973,1179,0.07972404
974,1554,0.2647882
975,12135,0.40457046
976,12130,0.42233607
977,15273,0.124623895
978,6767,0.13350713
979,1640,0.2641406
980,18014,0.33966228
981,12364,0.11407688
982,7277,0.33747527
983,17245,0.22763342
984,18516,0.22008573
985,13132,0.09690479
986,9113,0.18288815
987,14772,0.10940253
988,13848,0.22114308
989,5311,0.13390994
990,8585,0.5659202
991,9252,0.4586596
992,4476,0.44113457
993,7931,0.14035843
994,7311,0.24382871
995,7434,0.2799693
996,2608,0.09044058
997,11180,0.28364277
998,17396,0.47251618
999,15286,0.11309628
1000,13430,0.20465714
1001,5920,0.1827032
1002,237,0.2788775
1003,11065,0.47797802
1004,10868,0.2499592
1005,3982,0.15808423
1006,11972,0.17665431
1007,10901,0.1870423
1008,15132,0.2581013
1009,5056,0.23439445
1010,4568,0.25195342
1011,17662,0.23461965
1012,10291,0.06797781
1013,8451,0.45853865
1014,3972,0.16182306
1015,6704,0.11086853
1016,18420,0.12948826
1017,8274,0.20418404
1018,8858,0.5123558
1019,2509,0.16561869
1020,7211,0.17841727
1021,6937,0.22299898
1022,19644,0.033353176
1023,19173,0.13786873
1024,1702,0.42399767
1025,3534,0.24312599
1026,3007,0.6135794
1027,16267,0.7255356
1028,6616,0.16072994
1029,18914,0.1194728
1030,9688,0.069212995
1031,13688,0.25658512
1032,9150,0.14828776
1033,8941,0.6802178
1034,12688,0.08627922
1035,8020,0.42023668
1036,4510,0.16170596
1037,1558,0.4689584
1038,10380,0.42553246
1039,9857,0.3486629
1040,4272,0.51020545
1041,555,0.17536288
1042,9306,0.49559444
1043,9954,0.15040244
1044,15258,0.17285919
1045,9905,0.113472246
1046,1939,0.13163956
1047,5501,0.10731386
1048,18469,0.46947703
1049,17725,0.068184294
1050,16724,0.33948582
1051,10203,0.19604863
1052,5418,0.25722718
1053,4078,0.13913515
1054,11389,0.13843933
1055,8353,0.23650761
1056,8309,0.29921195
1057,4192,0.19131082
1058,14230,0.083375864
1059,8433,0.32257727
1060,18093,0.16645128
1061,15197,0.15781997
1062,9596,0.15756889
1063,5613,0.14144869
1064,11644,0.29274902
1065,14150,0.043050755
1066,9681,0.19604863
1067,15350,0.27914587
1068,19717,0.066350915
1069,7,0.1178634
1070,7949,0.14795053
1071,13683,0.17132887
1072,511,0.09937159
1073,6154,0.1517499
1074,12634,0.41600853
1075,867,0.08768993
1076,10642,0.10543704
1077,15134,0.23077703
1078,8368,0.45253432
1079,14364,0.11802852
1080,13846,0.33628696
1081,5037,0.1607174
1082,8929,0.15859903
1083,7834,0.1448791
1084,12040,0.12153441
1085,9827,0.16004176
1086,5756,0.15825284
1087,6808,0.4239623
1088,5157,0.19130671
1089,19001,0.553167
1090,12826,0.52442926
1091,8867,0.10401826
1092,7657,0.40907302
1093,16743,0.08041
1094,13502,0.33092746
1095,5869,0.32501766
1096,224,0.16161385
1097,10864,0.21273407
1098,17100,0.3520811
1099,16416,0.1608736
1100,8973,0.21752423
1101,7858,0.114305295
1102,16329,0.115785174
1103,4710,0.08326863
1104,16799,0.3744616
1105,6091,0.25710276
1106,19071,0.25871423
1107,11542,0.4608222
1108,18400,0.5568556
1109,10834,0.30788934
1110,19107,0.08846881
1111,7846,0.063532755
1112,4154,0.1554402
1113,1444,0.2624715
1114,2631,0.44053474
1115,4237,0.30462286
1116,5009,0.5607897
1117,10516,0.2841626
1118,6626,0.14814134
1119,14573,0.15179476
1120,15855,0.6384739
1121,8201,0.19723381
1122,11771,0.15408725
1123,1623,0.15275683
1124,16632,0.21253894
1125,143,0.13313909
1126,7402,0.37191078
1127,3030,0.13090573
1128,2170,0.08937633
1129,9214,0.08291188
1130,18924,0.24384552
1131,11421,0.20915942
1132,12153,0.14241153
1133,7743,0.37585497
1134,7201,0.47133806
1135,7326,0.4144305
1136,11578,0.17608817
1137,1709,0.51844054
1138,19968,0.023659278
1139,6107,0.11358679
1140,14000,0.10344187
1141,7530,0.11784715
1142,18691,0.15165468
1143,8026,0.15788579
1144,5759,0.08091458
1145,15995,0.10169306
1146,15857,0.015468831
1147,8127,0.16599123
1148,14858,0.15211968
1149,12831,0.58983463
1150,395,0.31479877
1151,7286,0.20490167
1152,4153,0.39494196
1153,12630,0.28172842
1154,4310,0.22948773
1155,16585,0.47065958
1156,3903,0.15091443
1157,4694,0.17808554
1158,11597,0.030529547
1159,13588,0.12007414
1160,8454,0.36625656
1161,15990,0.19464815
1162,15480,0.20559503
1163,5837,0.27877185
1164,17165,0.23049253
1165,12260,0.2424339
1166,15440,0.24641213
1167,11930,0.38218552
1168,7388,0.40179574
1169,17528,0.16248302
1170,11602,0.46321517
1171,836,0.2313
1172,5488,0.12710848
1173,14455,0.2029466
1174,7845,0.23302813
1175,4605,0.07472966
1176,9173,0.14461395
1177,5427,0.17074308
1178,18771,0.3266738
1179,14146,0.1870364
1180,19855,0.6200228
1181,13218,0.40526748
1182,17736,0.09039318
1183,4329,0.543308
1184,11380,0.15624537
1185,1053,0.006767545
1186,18053,0.17570753
1187,2093,0.31992123
1188,16894,0.47074124
1189,12705,0.123599686
1190,12866,0.11103359
1191,4333,0.0752021
1192,10078,0.1146911
1193,14171,0.2544968
1194,17068,0.22633703
1195,16639,0.4968508
1196,18218,0.4514728
1197,17813,0.3225964
1198,8705,0.24448144
1199,17968,0.09294693
1200,9778,0.12806408
1201,3099,0.43550915
1202,15858,0.013827916
1203,8011,0.21278138
1204,7320,0.45636338
1205,6511,0.11306074
1206,16468,0.055254348
1207,5213,0.17651157
1208,11636,0.032089967
1209,12175,0.21530356
1210,15207,0.27369997
1211,9350,0.19435121
1212,4082,0.0831728
1213,4006,0.13246897
1214,402,0.44843894
1215,8543,0.2514928
1216,15101,0.16371144
1217,16895,0.71484184
1218,17383,0.11591427
1219,1643,0.25366625
1220,3908,0.16122736
1221,7987,0.28828043
1222,2068,0.27671432
1223,5383,0.14784013
1224,18519,0.1522358
1225,6056,0.2705194
1226,4943,0.43701592
1227,5971,0.10918777
1228,7018,0.14696193
1229,16507,0.17602998
1230,18184,0.16321549
1231,6419,0.15098138
1232,17692,0.06300576
1233,15342,0.12495403
1234,3148,0.16214907
1235,11981,0.15611422
1236,13253,0.12095337
1237,14226,0.55929697
1238,687,0.13803738
1239,7167,0.16005336
1240,14265,0.24458548
1241,16769,0.41030908
1242,2933,0.3790311
1243,1027,0.49009687
1244,4565,0.24288355
1245,16687,0.49124423
1246,6879,0.1404993
1247,4567,0.14048223
1248,3684,0.14510745
1249,1856,0.15526564
1250,8254,0.23312739
1251,231,0.13616219
1252,3383,0.14965546
1253,1116,0.17557456
1254,10510,0.21948168
1255,8402,0.47314686
1256,3705,0.1080998
1257,4776,0.17705932
1258,8826,0.19728854
1259,16442,0.16734049
1260,4,0.5825086
1261,1254,0.124480866
1262,10546,0.20544815
1263,5509,0.09971478
1264,10956,0.2144481
1265,6923,0.11915203
1266,14275,0.27567762
1267,15962,0.3042405
1268,17159,0.16860008
1269,11300,0.10128197
1270,6036,0.09975642
1271,6104,0.18824014
1272,4291,0.24858157
1273,9733,0.14385556
1274,6421,0.045743987
1275,14763,0.22715463
1276,9939,0.15208079
1277,9064,0.1984822
1278,17699,0.11170624
1279,3302,0.1412777
1280,15917,0.4386338
1281,6310,0.1804283
1282,16394,0.1342549
1283,11105,0.16273981
1284,2219,0.45421693
1285,13946,0.33442193
1286,10397,0.29634348
1287,19066,0.4690502
1288,10759,0.31679028
1289,2515,0.14642274
1290,8732,0.3343456
1291,18307,0.07116852
1292,14274,0.42233768
1293,9341,0.091116846
1294,10822,0.1265925
1295,12025,0.07608047
1296,14012,0.08782835
1297,13434,0.21555324
1298,10563,0.14619362
1299,11388,0.1553889
1300,17062,0.27248308
1301,16673,0.74776006
1302,10987,0.07575901
1303,9632,0.30395642
1304,8231,0.22187412
1305,11537,0.4267146
1306,16643,0.22092539
1307,15214,0.17258565
1308,6801,0.10769927
1309,5038,0.16976276
1310,8533,0.5955969
1311,12379,0.092702836
1312,12698,0.15151642
1313,3172,0.21086505
1314,9218,0.17962493
1315,13372,0.44213045
1316,10183,0.14045136
1317,11438,0.19677971
1318,3331,0.12557416
1319,6940,0.1251948
1320,18245,0.10902897
1321,10540,0.106827736
1322,3754,0.32743722
1323,10762,0.29212412
1324,15982,0.24275158
1325,4385,0.12041232
1326,6128,0.17029302
1327,3671,0.1716455
1328,8919,0.1674378
1329,18065,0.41213772
1330,4388,0.20954065
1331,17237,0.29308844
1332,7731,0.19547033
1333,16754,0.17775247
1334,9832,0.11707642
1335,14928,0.14179026
1336,3750,0.21235684
1337,769,0.21017414
1338,4185,0.15741363
1339,9097,0.14612521
1340,14691,0.20148906
1341,16870,0.2985219
1342,8591,0.21485306
1343,15205,0.106120184
1344,2382,0.1436934
1345,6095,0.123568185
1346,7777,0.19091965
1347,17042,0.07937066
1348,12725,0.17217484
1349,3122,0.1695855
1350,7421,0.07472966
1351,4978,0.101585135
1352,19895,0.19901042
1353,17077,0.4411049
1354,12480,0.1126725
1355,18039,0.5800809
1356,11263,0.27836713
1357,9864,0.21940523
1358,19799,0.03404647
1359,3037,0.13552274
1360,11821,0.19072327
1361,16963,0.40527338
1362,4337,0.27249938
1363,2057,0.15975246
1364,15358,0.11990528
1365,8689,0.09085092
1366,724,0.23734535
1367,1065,0.38116193
1368,7692,0.5153017
1369,16759,0.11444568
1370,16335,0.09357419
1371,8945,0.47813472
1372,5586,0.40238652
1373,4914,0.13500848
1374,14666,0.2059228
1375,8853,0.1811516
1376,18454,0.15110582
1377,6057,0.27370006
1378,386,0.20623665
1379,1250,0.19176847
1380,18402,0.09975076
1381,4478,0.21559982
1382,15091,0.19075441
1383,10959,0.26910782
1384,4171,0.15062672
1385,8459,0.38646612
1386,6697,0.13097075
1387,11461,0.10729693
1388,3005,0.66328114
1389,16332,0.043047376
1390,17541,0.15256193
1391,18077,0.60797536
1392,11687,0.440544
1393,9950,0.13120058
1394,5993,0.16547889
1395,16126,0.196807
1396,16403,0.089671485
1397,7679,0.23553005
1398,6862,0.15895124
1399,5725,0.435892
1400,2729,0.05167184
1401,6691,0.35966456
1402,7942,0.10356295
1403,2477,0.17743863
1404,14674,0.29154605
1405,11944,0.17873955
1406,9558,0.14269978
1407,11676,0.14709386
1408,18236,0.10808408
1409,8275,0.42998195
1410,14248,0.34613535
1411,19118,0.5373411
1412,17991,0.16588384
1413,15239,0.25086462
1414,7331,0.13085373
1415,1192,0.1867028
1416,19317,0.12180732
1417,5770,0.48953104
1418,17232,0.1258551
1419,6004,0.12183693
1420,6392,0.04569409
1421,15885,0.30055663
1422,11487,0.16930616
1423,6814,0.30259424
1424,7171,0.168701
1425,13901,0.21953891
1426,13957,0.045766015
1427,3364,0.121187076
1428,10414,0.2788352
1429,16046,0.49010065
1430,7077,0.11885595
1431,7570,0.23649105
1432,1344,0.2728982
1433,16156,0.35539347
1434,6431,0.099194944
1435,11746,0.09522337
1436,6442,0.12742008
1437,9315,0.4115472
1438,7626,0.12623213
1439,5622,0.2021028
1440,373,0.36200267
1441,14958,0.16538358
1442,19283,0.21360917
1443,17044,0.14576462
1444,5498,0.040051766
1445,5482,0.2518621
1446,17775,0.12429683
1447,8279,0.13443367
1448,10574,0.5324541
1449,5249,0.6470216
1450,14804,0.14500102
1451,5996,0.14699805
1452,2574,0.16642103
1453,9955,0.090989515
1454,14443,0.065233454
1455,12192,0.16235457
1456,9281,0.34729552
1457,19072,0.28231785
1458,7093,0.08318966
1459,5700,0.07283517
1460,11492,0.1806364
1461,8679,0.38875312
1462,16341,0.08736016
1463,4283,0.18346156
1464,313,0.1500963
1465,4971,0.1897028
1466,13299,0.23346052
1467,3355,0.21336311
1468,6408,0.13019544
1469,13496,0.35434112
1470,236,0.27337453
1471,3713,0.18103896
1472,10407,0.17979357
1473,1297,0.050093923
1474,16014,0.2442649
1475,15030,0.14572956
1476,45,0.2533852
1477,8876,0.30110148
1478,16837,0.5507799
1479,15511,0.47923106
1480,6112,0.06482783
1481,8693,0.3028021
1482,7572,0.0633355
1483,8556,0.13202655
1484,16268,0.6944188
1485,1685,0.057094432
1486,10103,0.21259363
1487,11997,0.21837361
1488,10592,0.32039604
1489,10093,0.0848623
1490,3095,0.41060328
1491,11116,0.032313813
1492,8242,0.19060771
1493,10914,0.2655584
1494,8779,0.34131035
1495,13267,0.26536408
1496,10201,0.24242234
1497,6319,0.10163942
1498,15391,0.15426376
1499,15163,0.6666287
1500,1896,0.17689194
1501,6611,0.066956855
1502,13076,0.18086632
1503,14730,0.121460296
1504,7182,0.13472162
1505,7397,0.21825375
1506,12049,0.07078853
1507,355,0.191024
1508,7254,0.11611829
1509,19193,0.693509
1510,16191,0.086254776
1511,10892,0.12411479
1512,17553,0.34644467
1513,16725,0.33977187
1514,6942,0.3687992
1515,9394,0.14988944
1516,16749,0.32788002
1517,478,0.08460167
1518,7375,0.060360454
1519,19448,0.086725004
1520,4484,0.16905735
1521,49,0.25779593
1522,17124,0.29809684
1523,1211,0.145537
1524,15490,0.21570592
1525,3119,0.13844544
1526,18331,0.24316171
1527,5360,0.22849208
1528,1596,0.21780333
1529,10218,0.16100208
1530,4753,0.44085914
1531,7989,0.123849675
1532,4497,0.25929493
1533,19517,0.25290224
1534,8686,0.08753384
1535,5092,0.11499101
1536,11633,0.09960749
1537,17539,0.13358566
1538,16784,0.116898485
1539,16544,0.27280298
1540,7380,0.029900467
1541,11225,0.3985296
1542,14737,0.09742341
1543,11021,0.09252606
1544,1430,0.4571824
1545,17362,0.10299984
1546,3930,0.1996649
1547,11039,0.1095663
1548,19513,0.18587421
1549,14446,0.09886899
1550,1835,0.27992785
1551,17026,0.22385034
1552,268,0.5311878
1553,3167,0.13062315
1554,19138,0.22695448
1555,14869,0.25366625
1556,1464,0.18318014
1557,1101,0.14633125
1558,9529,0.06719449
1559,16233,0.11330863
1560,12753,0.13121879
1561,6504,0.37585497
1562,13144,0.43190885
1563,9696,0.12719646
1564,18176,0.13149312
1565,11587,0.20430166
1566,10372,0.07465668
1567,10948,0.29462072
1568,15521,0.42253622
1569,1839,0.07567541
1570,11529,0.10932562
1571,3829,0.024814896
1572,12140,0.1396592
1573,13672,0.14142947
1574,13316,0.76902956
1575,3429,0.13047625
1576,11061,0.3223134
1577,10438,0.21032833
1578,8405,0.14191088
1579,9517,0.21327172
1580,7259,0.2371955
1581,4712,0.3580982
1582,2669,0.12882577
1583,19779,0.34413752
1584,6568,0.7138016
1585,9448,0.33992475
1586,17696,0.23324636
1587,19707,0.06928729
1588,5745,0.26401874
1589,15353,0.4836807
1590,6824,0.43412817
1591,3790,0.1348749
1592,18028,0.3884117
1593,1036,0.15643528
1594,15238,0.2763649
1595,8175,0.20796822
1596,755,0.109587096
1597,9910,0.17172565
1598,13756,0.18003292
1599,4239,0.23340325
1600,3448,0.15526952
1601,6330,0.23253188
1602,1490,0.22346081
1603,15424,0.6241313
1604,2437,0.15040244
1605,2578,0.07371523
1606,8252,0.4332639
1607,4979,0.111411
1608,169,0.10278822
1609,16406,0.43832326
1610,2372,0.097537816
1611,14459,0.030253956
1612,15397,0.16907118
1613,13568,0.51873076
1614,18760,0.07546026
1615,17843,0.28418356
1616,2085,0.24883452
1617,14058,0.08136409
1618,15866,0.49830815
1619,7047,0.16662684
1620,15611,0.21940523
1621,7227,0.16811198
1622,2197,0.3876831
1623,15980,0.7393219
1624,7752,0.13372792
1625,1638,0.13140227
1626,5370,0.054393653
1627,16062,0.2820535
1628,19290,0.17386337
1629,8742,0.22628662
1630,5200,0.08187287
1631,6269,0.31545165
1632,2636,0.66748846
1633,8404,0.14280243
1634,3134,0.12613067
1635,19228,0.12176691
1636,4000,0.34021607
1637,15175,0.46607095
1638,8778,0.12590413
1639,9425,0.15149388
1640,17156,0.10961597
1641,14664,0.111497685
1642,13716,0.19843782
1643,4033,0.35627332
1644,18303,0.23684905
1645,16771,0.25984144
1646,16095,0.16449729
1647,14279,0.43723488
1648,13391,0.13069871
1649,17850,0.39008498
1650,9769,0.39090356
1651,6984,0.10635349
1652,3710,0.10459539
1653,4118,0.13985524
1654,9804,0.03992926
1655,12543,0.14156793
1656,1038,0.13686638
1657,13011,0.19225642
1658,16539,0.5148996
1659,3831,0.24899933
1660,17741,0.117205895
1661,7050,0.18308866
1662,5239,0.52442926
1663,10424,0.20680274
1664,558,0.28417927
1665,416,0.1804886
1666,6465,0.18066521
1667,13988,0.13902466
1668,41,0.12775676
1669,15267,0.2789527
1670,17934,0.20824404
1671,5084,0.047656104
1672,3190,0.14426096
1673,9191,0.059165902
1674,16973,0.25363368
1675,4986,0.23486444
1676,6062,0.042422187
1677,7092,0.11588301
1678,8554,0.16413541
1679,1260,0.1988112
1680,7332,0.4172418
1681,6860,0.1515402
1682,5138,0.3571329
1683,13631,0.13149028
1684,15140,0.17767848
1685,18336,0.077862166
1686,17299,0.40756992
1687,12286,0.23523735
1688,7123,0.17836505
1689,12780,0.13645537
1690,3582,0.17593472
1691,18504,0.2581013
1692,19806,0.08654649
1693,2720,0.2557429
1694,14296,0.20743002
1695,1924,0.088068604
1696,7941,0.14923225
1697,8372,0.04752793
1698,19038,0.56399953
1699,8316,0.12298122
1700,3585,0.14055322
1701,2796,0.4647508
1702,6692,0.28991845
1703,8575,0.8357733
1704,4294,0.39990672
1705,17196,0.063464805
1706,17493,0.11755948
1707,15494,0.10330482
1708,11373,0.22575505
1709,17290,0.27467692
1710,7733,0.16021788
1711,4589,0.19851665
1712,4686,0.11829667
1713,13328,0.21741933
1714,10852,0.18209456
1715,12139,0.116267756
1716,6915,0.30000994
1717,9429,0.1470765
1718,103,0.16604693
1719,19285,0.07641174
1720,10508,0.6443924
1721,18910,0.13654464
1722,4898,0.13473618
1723,13606,0.2534964
1724,2572,0.3842029
1725,4404,0.14523578
1726,4391,0.17700906
1727,12478,0.030927453
1728,9112,0.18288815
1729,6868,0.08914036
1730,18204,0.7106202
1731,19088,0.11741782
1732,5916,0.16012077
1733,10807,0.22815175
1734,18986,0.4984476
1735,15541,0.4485908
1736,5856,0.155519
1737,14136,0.15422092
1738,2445,0.121869996
1739,13665,0.28714496
1740,14410,0.16865532
1741,12016,0.1238117
1742,18522,0.10028889
1743,12859,0.2534964
1744,7639,0.11409662
1745,11451,0.35439238
1746,9913,0.11558753
1747,8267,0.22678126
1748,14102,0.251423
1749,10428,0.2060499
1750,11637,0.10125587
1751,16580,0.13243124
1752,4816,0.3766689
1753,1467,0.22701237
1754,10005,0.293488
1755,3324,0.13608381
1756,19854,0.09932948
1757,4164,0.56557673
1758,13857,0.12001544
1759,11878,0.1677878
1760,15725,0.19164175
1761,17356,0.09252198
1762,10713,0.23303118
1763,5654,0.21112318
1764,7219,0.13466975
1765,8597,0.69182247
1766,5815,0.12649137
1767,11722,0.21665904
1768,10401,0.194464
1769,6819,0.26275185
1770,12627,0.21917987
1771,2740,0.07053704
1772,1002,0.1278472
1773,15360,0.18038942
1774,6541,0.0704819
1775,14800,0.20743002
1776,11553,0.12469751
1777,2734,0.2399088
1778,1319,0.124614835
1779,4830,0.12317612
1780,14457,0.09507152
1781,1582,0.25195342
1782,18399,0.5711162
1783,2523,0.1435083
1784,18997,0.15575168
1785,7962,0.23336032
1786,10978,0.2103579
1787,17078,0.5527519
1788,17339,0.117971405
1789,12618,0.1575218
1790,15080,0.19604404
1791,12647,0.25480756
1792,2049,0.09420337
1793,1506,0.1622575
1794,3219,0.31063274
1795,4582,0.3226069
1796,829,0.41616312
1797,10020,0.1385746
1798,14501,0.1405163
1799,1536,0.0906939
1800,14809,0.19436243
1801,17941,0.27882484
1802,1789,0.16961774
1803,3070,0.47700918
1804,10282,0.23227626
1805,14315,0.26499262
1806,190,0.15464781
1807,10731,0.4451778
1808,13444,0.11946177
1809,1677,0.17980722
1810,17881,0.06261637
1811,12366,0.14837249
1812,10866,0.37899604
1813,14385,0.13656235
1814,4509,0.15374982
1815,7340,0.18798956
1816,8106,0.22018513
1817,15339,0.20346086
1818,675,0.1763104
1819,14981,0.23595242
1820,12665,0.47761902
1821,1451,0.27261326
1822,19886,0.02225308
1823,13367,0.21877214
1824,16048,0.39060652
1825,1011,0.16877733
1826,7157,0.18568018
1827,13250,0.6245331
1828,8724,0.2182183
1829,16166,0.11423666
1830,5631,0.13390021
1831,15174,0.45385695
1832,8861,0.13918862
1833,14325,0.3985296
1834,11418,0.12574825
1835,264,0.2546851
1836,19296,0.22693738
1837,6618,0.25786844
1838,7291,0.09486195
1839,6608,0.28044483
1840,16579,0.2965429
1841,15246,0.022347584
1842,5398,0.15920006
1843,9166,0.09378994
1844,705,0.13712254
1845,5656,0.48439616
1846,17433,0.30768684
1847,5982,0.13411742
1848,5904,0.358253
1849,3881,0.52235234
1850,17505,0.20928404
1851,7820,0.115344755
1852,1496,0.58654916
1853,2731,0.13926427
1854,7139,0.27140632
1855,8097,0.1585569
1856,19121,0.07611893
1857,17721,0.5178204
1858,5767,0.13978678
1859,15807,0.3273104
1860,13639,0.12647744
1861,12667,0.42152005
1862,194,0.109228455
1863,4234,0.13750157
1864,17945,0.39953727
1865,388,0.04924444
1866,3290,0.1794734
1867,13776,0.6596858
1868,6650,0.15398301
1869,7185,0.17649439
1870,4308,0.14682868
1871,683,0.10477995
1872,7611,0.1063418
1873,14525,0.11703185
1874,9428,0.4093658
1875,8520,0.12322066
1876,19507,0.07090277
1877,9117,0.14216204
1878,3664,0.39604026
1879,8785,0.28926727
1880,19022,0.19864056
1881,4054,0.32218844
1882,16705,0.4868927
1883,6559,0.11959806
1884,18190,0.41097903
1885,17564,0.17349106
1886,9279,0.1763104
1887,4368,0.20923148
1888,10144,0.06960623
1889,5534,0.40538922
1890,19506,0.13013512
1891,11441,0.21135178
1892,9884,0.109359734
1893,8298,0.1155753
1894,17713,0.061904013
1895,13704,0.4970895
1896,16778,0.34549546
1897,6732,0.15440467
1898,16039,0.0344978
1899,11741,0.1667401
1900,1044,0.12836434
1901,5961,0.13167448
1902,17976,0.13970391
1903,18246,0.63871646
1904,371,0.22698516
1905,4621,0.14432104
1906,1848,0.53201616
1907,5232,0.059252307
1908,9271,0.16917215
1909,9056,0.16417912
1910,9775,0.20973986
1911,9779,0.17612085
1912,5192,0.10587629
1913,10604,0.15124533
1914,15344,0.47987783
1915,15171,0.26089257
1916,1551,0.2390503
1917,15817,0.059873085
1918,9241,0.05518181
1919,4445,0.23356494
1920,86,0.15824369
1921,10336,0.24608576
1922,7869,0.14682141
1923,19155,0.2450533
1924,5870,0.13560764
1925,19188,0.6444782
1926,18062,0.35808864
1927,11037,0.1217705
1928,1889,0.44416505
1929,17174,0.17187282
1930,4930,0.107814655
1931,9872,0.25755665
1932,1284,0.13447154
1933,11777,0.31574947
1934,138,0.14019427
1935,3872,0.3462648
1936,5490,0.13605748
1937,8317,0.15051953
1938,6527,0.13032576
1939,14746,0.39265937
1940,8276,0.5468634
1941,10405,0.10530909
1942,14662,0.14831118
1943,3561,0.18971908
1944,11627,0.17315273
1945,4150,0.046808396
1946,1132,0.19964992
1947,18208,0.39283404
1948,11964,0.2720629
1949,16865,0.43454972
1950,14875,0.14874627
1951,16252,0.18364596
1952,18004,0.51511127
1953,7303,0.18821767
1954,9943,0.4169973
1955,2767,0.24129447
1956,14698,0.12020098
1957,1153,0.4266027
1958,11718,0.1353101
1959,7643,0.17628667
1960,8265,0.19202852
1961,9597,0.18341939
1962,12743,0.3709357
1963,11241,0.1598795
1964,11357,0.100040436
1965,2082,0.30191842
1966,14714,0.4066934
1967,6106,0.09706176
1968,14623,0.26869854
1969,16200,0.28892446
1970,287,0.16538982
1971,9999,0.14128251
1972,5633,0.09052671
1973,16920,0.1725834
1974,2330,0.062356565
1975,10736,0.13852783
1976,7674,0.12957616
1977,11906,0.1348749
1978,16900,0.12693717
1979,6114,0.16331744
1980,4511,0.3196943
1981,13052,0.549519
1982,8512,0.5630426
1983,4422,0.13614188
1984,2200,0.11348731
1985,16157,0.13212253
1986,1176,0.4959795
1987,3200,0.36081424
1988,4782,0.4958186
1989,2899,0.29197013
1990,15664,0.4806465
1991,10533,0.23365644
1992,17055,0.36614957
1993,6760,0.10264791
1994,9875,0.12330419
1995,10351,0.20634694
1996,18346,0.18272196
1997,18777,0.11253658
1998,6215,0.13519874
1999,18799,0.49408263
2000,1135,0.20919846
2001,19808,0.23878935
2002,6120,0.34140357
2003,7596,0.16666931
2004,1699,0.16534072
2005,2254,0.28174946
2006,15888,0.22184403
2007,6889,0.12940623
2008,13307,0.24182732
2009,10004,0.16602863
2010,10184,0.18004057
2011,9363,0.13648202
2012,1077,0.13390303
2013,13431,0.20757666
2014,15802,0.4121974
2015,13058,0.15214975
2016,2223,0.100058205
2017,15648,0.2650485
2018,2289,0.3490784
2019,15364,0.15220869
2020,9011,0.34801182
2021,7403,0.08556198
2022,1156,0.20251222
2023,11414,0.20578521
2024,4109,0.14756864
2025,3914,0.09668953
2026,18861,0.02960463
2027,18431,0.12989955
2028,4138,0.24227858
2029,3168,0.14593837
2030,16307,0.25412822
2031,5639,0.15779774
2032,10639,0.3704557
2033,10926,0.39539647
2034,7270,0.14286098
2035,7851,0.14089778
2036,13028,0.16332561
2037,3401,0.057432618
2038,9322,0.12169848
2039,3058,0.1452192
2040,18148,0.10097693
2041,9211,0.33753574
2042,5454,0.3277863
2043,14519,0.06150554
2044,14897,0.40191954
2045,1603,0.10553687
2046,13270,0.21825375
2047,928,0.035774477
2048,7944,0.108162396
2049,19445,0.40603316
2050,7261,0.23796783
2051,10470,0.16682447
2052,15938,0.19242938
2053,5644,0.17290029
2054,1024,0.13651253
2055,8753,0.28926727
2056,5075,0.06296754
2057,450,0.035774477
2058,913,0.14066325
2059,5862,0.031002456
2060,8311,0.32960358
2061,292,0.20196922
2062,4059,0.10141791
2063,4927,0.09900185
2064,16745,0.21801634
2065,19309,0.10721387
2066,7260,0.19817401
2067,10427,0.15635635
2068,9978,0.101247
2069,15084,0.19828957
2070,6825,0.15267624
2071,7758,0.15213688
2072,5684,0.34206846
2073,12561,0.4300681
2074,11367,0.23338309
2075,12830,0.09691453
2076,19232,0.1464752
2077,12123,0.85403997
2078,17347,0.55551857
2079,7792,0.12361688
2080,7302,0.20716867
2081,8781,0.53795964
2082,2894,0.18103454
2083,19985,0.06927104
2084,17864,0.22795531
2085,4098,0.40463603
2086,17315,0.120293684
2087,10648,0.15466975
2088,14228,0.34406587
2089,7979,0.11935384
2090,5672,0.13951612
2091,9340,0.30561998
2092,16527,0.11603692
2093,5887,0.2555539
2094,15328,0.5640324
2095,9791,0.152835
2096,17247,0.19974284
2097,12222,0.10731803
2098,8712,0.055098742
2099,18131,0.29830557
2100,8037,0.42366493
2101,9368,0.5956841
2102,18448,0.0375502
2103,19923,0.1379832
2104,7089,0.2622939
2105,18370,0.18125921
2106,2395,0.094297424
2107,13692,0.15990822
2108,2199,0.21288635
2109,6265,0.3108837
2110,1726,0.41103685
2111,1434,0.13547832
2112,14332,0.46881604
2113,6571,0.086717434
2114,16614,0.2686415
2115,6952,0.15261476
2116,13562,0.15481785
2117,14093,0.11756383
2118,8107,0.14810874
2119,101,0.21636239
2120,2278,0.17135255
2121,19068,0.25299415
2122,17076,0.18441841
2123,2019,0.13599461
2124,19988,0.03534153
2125,16529,0.5661287
2126,585,0.09081255
2127,18900,0.27568534
2128,14096,0.35762182
2129,927,0.26585215
2130,16644,0.16309315
2131,10687,0.115590975
2132,14268,0.13286303
2133,15979,0.06908865
2134,6101,0.043266576
2135,6011,0.19689226
2136,1069,0.14418557
2137,11232,0.31424668
2138,14615,0.22940198
2139,8709,0.18526416
2140,17754,0.6702106
2141,12167,0.1360499
2142,11016,0.062939145
2143,12305,0.3893899
2144,17601,0.32812986
2145,7856,0.17193675
2146,4411,0.14986214
2147,6381,0.1172455
2148,7893,0.27634302
2149,7621,0.5904096
2150,13497,0.3172919
2151,17746,0.09430429
2152,8669,0.30166435
2153,712,0.3028021
2154,11692,0.14623223
2155,1955,0.12077828
2156,11352,0.079290316
2157,818,0.0913656
2158,7431,0.13866255
2159,1026,0.5110168
2160,9986,0.1353101
2161,8625,0.23916769
2162,1349,0.028179327
2163,15265,0.13929723
2164,1216,0.107814156
2165,8027,0.15266988
2166,4364,0.08230176
2167,18216,0.24927501
2168,4180,0.28428024
2169,16472,0.5076286
2170,18033,0.7514542
2171,14371,0.22027723
2172,7698,0.16049896
2173,11366,0.08939211
2174,18453,0.10406966
2175,13208,0.3985296
2176,1472,0.15773818
2177,5832,0.15457311
2178,6642,0.1850006
2179,5580,0.15512858
2180,18999,0.1999844
2181,11179,0.28075975
2182,10611,0.41832495
2183,8700,0.03653726
2184,11604,0.13346513
2185,3799,0.35548064
2186,2407,0.19981937
2187,13459,0.13109088
2188,16533,0.27779815
2189,5957,0.18499367
2190,18596,0.24501993
2191,10410,0.22232777
2192,14876,0.12847692
2193,12891,0.05952784
2194,78,0.29427764
2195,11176,0.034949392
2196,4698,0.13440558
2197,5144,0.097893484
2198,9514,0.6259563
2199,2654,0.2443101
2200,10404,0.09369837
2201,6358,0.20008472
2202,12649,0.25114495
2203,12784,0.2623614
2204,10272,0.13934352
2205,9711,0.18899281
2206,7452,0.21877214
2207,15133,0.09176376
2208,18369,0.2851376
2209,10573,0.41966677
2210,6494,0.15914427
2211,3414,0.19137944
2212,15789,0.48543254
2213,726,0.34137782
2214,1459,0.1439148
2215,8470,0.14952128
2216,9333,0.29750687
2217,251,0.112515554
2218,9717,0.21768469
2219,8259,0.46380782
2220,4412,0.19449018
2221,8967,0.19841197
2222,11434,0.3308305
2223,8303,0.12531178
2224,11683,0.1655229
2225,12736,0.24535537
2226,2957,0.16961497
2227,1507,0.17056516
2228,13790,0.23156738
2229,14885,0.094966896
2230,18120,0.19097625
2231,5183,0.3196943
2232,10024,0.21337797
2233,18856,0.05739992
2234,19116,0.3222548
2235,16022,0.17037733
2236,17477,0.32040393
2237,18987,0.47556743
2238,17033,0.13303496
2239,9774,0.21521874
2240,19438,0.5202617
2241,1943,0.13377345
2242,3216,0.13113922
2243,7415,0.2530471
2244,13025,0.16542384
2245,3935,0.13021293
2246,3874,0.36882326
2247,10710,0.5124485
2248,4996,0.12503938
2249,8081,0.21196127
2250,10717,0.25366625
2251,4178,0.19494063
2252,15006,0.21280059
2253,11009,0.102608606
2254,14810,0.08688811
2255,8479,0.11874858
2256,18244,0.14428532
2257,16194,0.21599993
2258,5226,0.10613784
2259,5055,0.23722902
2260,5120,0.23405045
2261,9081,0.14242028
2262,15592,0.36287978
2263,59,0.16776763
2264,12829,0.13566908
2265,4823,0.114400186
2266,15186,0.37182313
2267,260,0.19778542
2268,1071,0.14638819
2269,11354,0.147976
2270,5335,0.14493169
2271,8398,0.059289884
2272,15165,0.14435382
2273,15572,0.08197266
2274,6854,0.31458387
2275,14301,0.17555447
2276,6863,0.14952531
2277,16279,0.65158176
2278,17041,0.15959734
2279,11023,0.071272194
2280,13007,0.13906814
2281,17342,0.35723075
2282,4069,0.66754067
2283,5058,0.12291345
2284,17262,0.3515816
2285,19377,0.1611978
2286,12467,0.15426311
2287,3955,0.2794179
2288,17992,0.06233062
2289,7769,0.29946902
2290,3637,0.036544368
2291,12284,0.24109305
2292,3809,0.0734315
2293,4787,0.15489031
2294,15081,0.33698976
2295,15684,0.2011391
2296,7563,0.05083403
2297,14643,0.11965677
2298,11954,0.11223193
2299,18413,0.11347672
2300,4442,0.14515682
2301,6122,0.20370485
2302,3222,0.32234374
2303,11458,0.6340991
2304,9620,0.096325316
2305,12807,0.4759655
2306,9414,0.34650737
2307,13921,0.21803787
2308,18324,0.34730127
2309,3667,0.18217473
2310,896,0.030918501
2311,13108,0.23635314
2312,3697,0.15645127
2313,2091,0.15980403
2314,1070,0.14521061
2315,6485,0.19507061
2316,7122,0.30985188
2317,10909,0.14890972
2318,2356,0.1662292
2319,7903,0.5872116
2320,3663,0.43246374
2321,17840,0.14070822
2322,996,0.16993785
2323,5431,0.11531577
2324,17799,0.17997742
2325,16111,0.5381989
2326,3742,0.12793171
2327,7200,0.15829043
2328,7547,0.30060348
2329,8589,0.36625656
2330,18437,0.5906114
2331,6129,0.16556911
2332,3018,0.6989583
2333,2778,0.17546405
2334,5097,0.18448132
2335,16188,0.1728582
2336,5204,0.12361746
2337,8922,0.3043334
2338,10990,0.03912438
2339,17407,0.24351905
2340,5,0.09602441
2341,10694,0.018623637
2342,5182,0.15395959
2343,6051,0.1222491
2344,12592,0.4475153
2345,15859,0.37006605
2346,14329,0.5562171
2347,47,0.21118996
2348,2878,0.3044884
2349,9663,0.15040244
2350,11233,0.13948634
2351,5186,0.11915447
2352,13818,0.21031064
2353,823,0.35330504
2354,9404,0.31023055
2355,8018,0.21497455
2356,8961,0.025483975
2357,5203,0.21024393
2358,12779,0.12699959
2359,10462,0.2667547
2360,4124,0.093509905
2361,6010,0.19361526
2362,14566,0.17555447
2363,6082,0.1538498
2364,3576,0.17366822
2365,11752,0.21867028
2366,12795,0.15902285
2367,15010,0.14342457
2368,3594,0.16711016
2369,16897,0.21143454
2370,5347,0.52908033
2371,1543,0.31095058
2372,13619,0.21333845
2373,10340,0.52261883
2374,7787,0.121304505
2375,19929,0.035361886
2376,9841,0.12989801
2377,9464,0.15630381
2378,358,0.19003598
2379,2113,0.18297905
2380,4852,0.22381076
2381,8549,0.16413541
2382,9320,0.04668405
2383,13530,0.32446405
2384,8568,0.3550207
2385,7797,0.10317594
2386,7911,0.19091965
2387,11971,0.53501934
2388,4375,0.11808376
2389,11109,0.09665794
2390,9701,0.18392867
2391,18585,0.7182085
2392,7373,0.057308152
2393,12440,0.18492967
2394,3572,0.13692655
2395,17224,0.15382811
2396,19,0.19086416
2397,14935,0.13504837
2398,13412,0.15532166
2399,9065,0.113930665
2400,6883,0.20011094
2401,8212,0.21450971
2402,6272,0.29634902
2403,4011,0.25366625
2404,17464,0.06791787
2405,18179,0.076801054
2406,4933,0.039452296
2407,12970,0.2924063
2408,11902,0.25837252
2409,17827,0.28443953
2410,16440,0.1675808
2411,9383,0.019078793
2412,11881,0.17359555
2413,15469,0.16043812
2414,11753,0.08006894
2415,17106,0.5722665
2416,14537,0.1674378
2417,17101,0.3428224
2418,3376,0.33989623
2419,12695,0.22686578
2420,12789,0.3585678
2421,494,0.108610205
2422,18379,0.1555067
2423,9559,0.1283446
2424,16100,0.2946832
2425,7513,0.07024268
2426,15291,0.07812517
2427,6100,0.23348022
2428,8157,0.10812281
2429,8769,0.13544156
2430,12042,0.41442785
2431,11572,0.052033883
2432,13947,0.17758794
2433,7037,0.24276212
2434,12882,0.13650636
2435,11447,0.18077734
2436,10226,0.2734586
2437,463,0.115801334
2438,9694,0.11194953
2439,14590,0.14906971
2440,9586,0.06308842
2441,7307,0.09527708
2442,12365,0.10863174
2443,7684,0.16643366
2444,16398,0.45041412
2445,906,0.081941545
2446,10659,0.13681339
2447,15482,0.05435288
2448,5983,0.17111282
2449,2045,0.17494223
2450,15701,0.20838189
2451,3328,0.12851837
2452,6625,0.19585514
2453,17709,0.0905445
2454,3617,0.17743999
2455,11775,0.26391223
2456,808,0.16662768
2457,11635,0.43335038
2458,6220,0.077775866
2459,13117,0.15655278
2460,17207,0.47699323
2461,8438,0.21597807
2462,4524,0.39652812
2463,13286,0.369502
2464,7278,0.35479745
2465,6073,0.11288015
2466,19135,0.113939516
2467,7088,0.23939578
2468,11841,0.090993695
2469,6553,0.24003349
2470,7491,0.23090653
2471,2102,0.21199265
2472,18375,0.10074018
2473,11261,0.72918034
2474,19977,0.016337408
2475,10304,0.11437148
2476,11347,0.20982943
2477,9295,0.2618602
2478,1993,0.16173287
2479,5045,0.12937494
2480,12290,0.22260846
2481,2628,0.13090116
2482,74,0.51375455
2483,1356,0.10522257
2484,1479,0.09723033
2485,15668,0.28004223
2486,7393,0.071436614
2487,843,0.14170924
2488,19904,0.08436115
2489,18459,0.1192303
2490,8690,0.2051479
2491,1729,0.23614082
2492,18395,0.0387247
2493,15573,0.16137567
2494,13332,0.16592345
2495,1570,0.18082933
2496,11805,0.3050667
2497,4826,0.42857045
2498,9026,0.13821533
2499,19149,0.12734681
2500,316,0.6614231
2501,15454,0.19725321
2502,5044,0.23918903
2503,6441,0.14225106
2504,11735,0.35413852
2505,16541,0.11686645
2506,2332,0.12840474
2507,13473,0.5701067
2508,8198,0.4031455
2509,14351,0.031752523
2510,16145,0.62245065
2511,3657,0.23946439
2512,19277,0.16179095
2513,9672,0.28128552
2514,15585,0.15044226
2515,5532,0.18271199
2516,4592,0.0990406
2517,15340,0.20282738
2518,18714,0.10571074
2519,7109,0.22629476
2520,6576,0.1829739
2521,8277,0.39673486
2522,5110,0.14357361
2523,4424,0.090749115
2524,16845,0.16252872
2525,4994,0.23853488
2526,11167,0.39766115
2527,10839,0.1874548
2528,15682,0.10502963
2529,16932,0.42951614
2530,12719,0.111684136
2531,4406,0.18052526
2532,8197,0.40385735
2533,9989,0.10301903
2534,5728,0.26322472
2535,9697,0.26990527
2536,8924,0.39089733
2537,18955,0.43940285
2538,7180,0.07646412
2539,1261,0.19646427
2540,18113,0.55384076
2541,14518,0.68544906
2542,612,0.256122
2543,16239,0.2299652
2544,7099,0.09872754
2545,8888,0.28728953
2546,2277,0.15308894
2547,10727,0.13981771
2548,12479,0.12775676
2549,4902,0.04120746
2550,13384,0.0951648
2551,6323,0.20076448
2552,855,0.14756864
2553,17792,0.26119003
2554,18915,0.15713897
2555,5769,0.1701876
2556,10943,0.7392052
2557,13968,0.43585572
2558,15517,0.10746149
2559,11543,0.43373606
2560,17561,0.4673714
2561,7117,0.1664436
2562,2614,0.29603186
2563,5152,0.09062769
2564,9731,0.1612618
2565,4288,0.4320465
2566,12027,0.09093451
2567,13839,0.13520432
2568,18877,0.32390445
2569,12781,0.12699959
2570,17490,0.1419873
2571,5873,0.13346513
2572,1337,0.13935934
2573,15301,0.08837045
2574,18222,0.04423737
2575,7652,0.17947713
2576,8450,0.16241014
2577,7143,0.25933313
2578,10421,0.18398452
2579,9667,0.33015054
2580,8555,0.16064036
2581,10809,0.14803499
2582,5364,0.43552348
2583,2508,0.16273794
2584,36,0.25916675
2585,17743,0.30191267
2586,14039,0.2416038
2587,6667,0.36121637
2588,3919,0.18333702
2589,5723,0.23491111
2590,3856,0.2126342
2591,10581,0.16471055
2592,11283,0.10801654
2593,1747,0.29301968
2594,10986,0.07645659
2595,13793,0.06402039
2596,10816,0.16338788
2597,8207,0.18217905
2598,15991,0.06289754
2599,16982,0.39572236
2600,3535,0.113125734
2601,8387,0.13038269
2602,375,0.24120799
2603,8730,0.34131035
2604,12756,0.12018862
2605,3562,0.38912135
2606,16692,0.43492812
2607,12822,0.56134737
2608,11424,0.1666942
2609,5313,0.16275182
2610,11617,0.044172347
2611,7810,0.17308581
2612,18941,0.17377082
2613,4691,0.17152624
2614,7818,0.083666764
2615,4111,0.19497782
2616,15108,0.48923042
2617,17877,0.6374569
2618,3889,0.15323646
2619,2173,0.07117017
2620,10618,0.04907111
2621,5748,0.035977732
2622,8498,0.21303904
2623,16903,0.26036915
2624,18496,0.17059712
2625,2958,0.17705464
2626,16864,0.12595241
2627,8022,0.14871857
2628,1340,0.19532533
2629,6707,0.30774742
2630,5735,0.090513244
2631,17967,0.08903221
2632,13019,0.28241014
2633,4188,0.1759966
2634,19014,0.29759958
2635,12773,0.42553246
2636,16197,0.37110135
2637,7569,0.26894054
2638,12065,0.5540688
2639,413,0.23384814
2640,8668,0.15541601
2641,13677,0.1815347
2642,15912,0.13543534
2643,19229,0.13022575
2644,19234,0.10809566
2645,10965,0.12686495
2646,1258,0.12233917
2647,11157,0.20834206
2648,17061,0.028627153
2649,1,0.17418966
2650,11209,0.06800617
2651,11835,0.09271439
2652,5258,0.1515402
2653,6928,0.09482029
2654,18338,0.2447524
2655,6614,0.26065487
2656,9036,0.15907983
2657,17872,0.49300724
2658,13123,0.55708075
2659,3747,0.15663795
2660,7304,0.18821767
2661,6655,0.24179675
2662,19222,0.6330891
2663,3384,0.14710693
2664,17978,0.49018806
2665,13366,0.21441466
2666,772,0.23644546
2667,9091,0.18290274
2668,14604,0.40914923
2669,16088,0.06322747
2670,10966,0.22948647
2671,6874,0.2285007
2672,17066,0.22685328
2673,253,0.26106107
2674,606,0.3139155
2675,15332,0.16435221
2676,10999,0.14150941
2677,18701,0.095884144
2678,13269,0.13277686
2679,1842,0.18868859
2680,7004,0.1290858
2681,15236,0.23146975
2682,14206,0.64041686
2683,10934,0.2689277
2684,16224,0.2119342
2685,15299,0.096897796
2686,10743,0.15712023
2687,10365,0.50200915
2688,18000,0.16056557
2689,11822,0.2595864
2690,17210,0.49344653
2691,1574,0.8074372
2692,3252,0.26298198
2693,19289,0.1796597
2694,14553,0.119402274
2695,12395,0.16953634
2696,17705,0.029611863
2697,12946,0.45685813
2698,8257,0.42113566
2699,12404,0.10705762
2700,5544,0.23987655
2701,13583,0.16841002
2702,1931,0.24938728
2703,6500,0.025891207
2704,10113,0.1759706
2705,6556,0.1329149
2706,10167,0.21204181
2707,4808,0.22455698
2708,4544,0.31197247
2709,3239,0.22022344
2710,4005,0.1426139
2711,15279,0.57392657
2712,12399,0.52227366
2713,7904,0.14767458
2714,17098,0.38912222
2715,11808,0.1958353
2716,8072,0.07627304
2717,17525,0.4128213
2718,587,0.16560808
2719,7613,0.10748238
2720,13806,0.14277872
2721,18532,0.039575104
2722,9964,0.0948483
2723,5378,0.17073943
2724,10006,0.2084544
2725,12538,0.12503946
2726,3304,0.19171351
2727,8653,0.10470264
2728,6935,0.13018507
2729,11589,0.10231988
2730,9648,0.2389481
2731,15532,0.10512427
2732,3536,0.11916078
2733,16671,0.10961597
2734,9156,0.2747522
2735,8685,0.025279146
2736,9809,0.34669417
2737,2860,0.2848623
2738,6876,0.1262889
2739,7168,0.13323343
2740,13239,0.3204942
2741,2505,0.17997803
2742,15783,0.1382841
2743,13075,0.16342343
2744,18629,0.045610648
2745,18883,0.5634211
2746,4719,0.19004871
2747,13954,0.10388467
2748,6968,0.145118
2749,10124,0.17748958
2750,4682,0.2618602
2751,5041,0.15365107
2752,12089,0.29955253
2753,5223,0.18699615
2754,11596,0.20004754
2755,18353,0.0399618
2756,11962,0.29660225
2757,6718,0.22043301
2758,10471,0.14424565
2759,4604,0.14019716
2760,14902,0.15365107
2761,7126,0.17935339
2762,11736,0.18879677
2763,1618,0.07015951
2764,10712,0.38024998
2765,947,0.12390034
2766,10854,0.17415227
2767,4858,0.25656134
2768,2491,0.19523038
2769,18079,0.20220229
2770,4630,0.1727011
2771,7073,0.17131697
2772,15751,0.5113642
2773,18115,0.69435793
2774,813,0.120491296
2775,3627,0.16842692
2776,2770,0.14527453
2777,6864,0.147916
2778,19225,0.6299321
2779,16500,0.42488253
2780,8173,0.24819241
2781,13413,0.13429767
2782,17689,0.59048116
2783,13415,0.1276804
2784,3774,0.20129657
2785,17825,0.1363009
2786,7960,0.13636051
2787,87,0.09964389
2788,6693,0.17287841
2789,7333,0.19149017
2790,8378,0.118456155
2791,7020,0.079597175
2792,9721,0.111356094
2793,14089,0.0364795
2794,7218,0.27279142
2795,7006,0.020790624
2796,19503,0.07238221
2797,4715,0.07988442
2798,14343,0.13264318
2799,18021,0.25347754
2800,9042,0.013895438
2801,9625,0.1615017
2802,5022,0.1225893
2803,18482,0.06592855
2804,9393,0.24965791
2805,17432,0.24710973
2806,14688,0.42233768
2807,15,0.15306537
2808,13652,0.09761939
2809,5520,0.24859574
2810,2312,0.124612875
2811,3996,0.2552068
2812,12495,0.13426858
2813,14564,0.32106146
2814,9242,0.19599885
2815,8352,0.20741415
2816,18188,0.40581363
2817,16068,0.12709406
2818,7819,0.1293936
2819,77,0.13124445
2820,6810,0.08412434
2821,19019,0.81045294
2822,7938,0.17770919
2823,18857,0.55171883
2824,4254,0.33790246
2825,5999,0.30814716
2826,7194,0.17931087
2827,8792,0.1737187
2828,17570,0.35478806
2829,14932,0.2984087
2830,13862,0.124812886
2831,1831,0.35317093
2832,15362,0.09575513
2833,4062,0.16548093
2834,10738,0.16764809
2835,4046,0.6420973
2836,12554,0.026602218
2837,19200,0.4151452
2838,6574,0.13754344
2839,7371,0.37713203
2840,10815,0.16610835
2841,6768,0.1915311
2842,7241,0.1740007
2843,5791,0.11558147
2844,17135,0.5097505
2845,19270,0.10878087
2846,8001,0.38238776
2847,15696,0.21286556
2848,10504,0.12933598
2849,13288,0.16052097
2850,2629,0.24336408
2851,16451,0.19241957
2852,12038,0.1622087
2853,8258,0.30724993
2854,7555,0.404537
2855,1429,0.49160373
2856,3931,0.2117662
2857,8170,0.21264827
2858,19004,0.22426865
2859,10277,0.2675511
2860,6941,0.35232067
2861,146,0.39064035
2862,7348,0.13903779
2863,7076,0.13914017
2864,9707,0.19282459
2865,18957,0.24731196
2866,7370,0.39862427
2867,13869,0.1806854
2868,16857,0.31561783
2869,12888,0.46878022
2870,9080,0.14612521
2871,4140,0.32648274
2872,13768,0.40961367
2873,14949,0.3721015
2874,2003,0.19108951
2875,6416,0.13690805
2876,4885,0.048643183
2877,16218,0.07950809
2878,8869,0.19762851
2879,9446,0.22437319
2880,3611,0.043700796
2881,14406,0.26818186
2882,17189,0.15083781
2883,18785,0.77690005
2884,7104,0.18242535
2885,5379,0.15970461
2886,2306,0.12185011
2887,13628,0.15729131
2888,14341,0.07361874
2889,4376,0.1882616
2890,3943,0.19982885
2891,15778,0.05227303
2892,13102,0.15648049
2893,10780,0.07063573
2894,19342,0.08878858
2895,1961,0.28487334
2896,19224,0.10731375
2897,6747,0.019205311
2898,2081,0.2956178
2899,15261,0.26256573
2900,16207,0.12370205
2901,7954,0.12585399
2902,7670,0.5492001
2903,6560,0.3523038
2904,318,0.6165245
2905,14978,0.6757515
2906,11527,0.15323956
2907,16243,0.11144987
2908,7315,0.118936114
2909,10045,0.17978518
2910,1569,0.17596008
2911,8469,0.23984839
2912,4116,0.09708567
2913,4577,0.12535632
2914,464,0.20616382
2915,1917,0.10940253
2916,5539,0.20276028
2917,7404,0.1528064
2918,9402,0.24316171
2919,18609,0.24904764
2920,13514,0.17647271
2921,8832,0.7155991
2922,18876,0.13492213
2923,8714,0.20541388
2924,3647,0.22257325
2925,7817,0.13337438
2926,12389,0.15695965
2927,4397,0.20851985
2928,9165,0.42699817
2929,15594,0.10399301
2930,1221,0.6005013
2931,6514,0.20435888
2932,15595,0.33440042
2933,4379,0.28777292
2934,10810,0.13609461
2935,6570,0.15367313
2936,6730,0.4435687
2937,8647,0.20099145
2938,12941,0.20196922
2939,448,0.2440583
2940,9390,0.08910942
2941,17461,0.13586888
2942,8500,0.5848826
2943,4514,0.26080558
2944,3878,0.25371724
2945,4656,0.027393496
2946,4225,0.6172393
2947,19791,0.38163015
2948,3250,0.16248395
2949,4866,0.1395036
2950,13927,0.28864118
2951,1727,0.27296597
2952,3800,0.37020358
2953,17082,0.2244439
2954,11567,0.13078038
2955,13116,0.4748378
2956,13449,0.17059463
2957,15463,0.14334093
2958,8909,0.3144487
2959,11383,0.153143
2960,13317,0.3471979
2961,7106,0.02822653
2962,3540,0.2530307
2963,16762,0.5327769
2964,18425,0.19467047
2965,17671,0.09228492
2966,9713,0.19570033
2967,12791,0.2082793
2968,5651,0.38313684
2969,15455,0.6752998
2970,16163,0.37395087
2971,4318,0.4763509
2972,6025,0.08129132
2973,16120,0.21718834
2974,4489,0.2884406
2975,8220,0.13151623
2976,3192,0.5368272
2977,11019,0.09797704
2978,7526,0.15149388
2979,16402,0.11262418
2980,13865,0.08338127
2981,13380,0.12330212
2982,13297,0.076342665
2983,648,0.3711967
2984,16936,0.20277674
2985,8176,0.22291198
2986,11816,0.14977644
2987,16971,0.099796504
2988,4960,0.4042803
2989,3998,0.25889307
2990,15098,0.2256333
2991,4441,0.43515328
2992,15516,0.10609243
2993,18835,0.24724653
2994,11751,0.566658
2995,16575,0.21928653
2996,727,0.12801959
2997,8509,0.048850015
2998,4669,0.10729693
2999,4750,0.057746112
3000,15952,0.11180994
3001,16124,0.22022344
3002,15843,0.14300539
3003,6361,0.114717096
3004,15142,0.23904729
3005,8227,0.2149542
3006,11280,0.10790895
3007,5343,0.105285324
3008,3917,0.16563168
3009,1957,0.15978411
3010,5416,0.106536895
3011,4009,0.10642482
3012,6595,0.16449109
3013,9002,0.4573541
3014,12609,0.084134646
3015,4525,0.38863102
3016,18541,0.40306205
3017,14953,0.27314016
3018,11799,0.21953817
3019,5086,0.23562054
3020,4788,0.32964018
3021,8659,0.14242697
3022,16397,0.5553379
3023,4530,0.5799248
3024,8646,0.19483635
3025,4547,0.07494944
3026,16636,0.27355832
3027,1348,0.22967507
3028,12697,0.2365746
3029,8190,0.2032804
3030,8755,0.58014804
3031,2161,0.46920776
3032,16953,0.369363
3033,10940,0.15828922
3034,14372,0.11740972
3035,7498,0.12602127
3036,12078,0.32244098
3037,11571,0.1672098
3038,7730,0.12112099
3039,14091,0.41123223
3040,10575,0.23616438
3041,655,0.35140434
3042,9077,0.14251053
3043,16753,0.64626205
3044,351,0.1825324
3045,19012,0.18071163
3046,8933,0.35853198
3047,17476,0.26215836
3048,16993,0.5162986
3049,2719,0.25981176
3050,12835,0.13749559
3051,5054,0.0927826
3052,8934,0.37330812
3053,4554,0.118609734
3054,8856,0.67547673
3055,11278,0.508658
3056,10458,0.2492331
3057,5116,0.1230186
3058,4671,0.6957484
3059,14947,0.068817414
3060,13699,0.14604126
3061,11704,0.25232604
3062,5064,0.087219894
3063,7063,0.13996065
3064,730,0.37221467
3065,16363,0.5176834
3066,14665,0.09858645
3067,3156,0.062095262
3068,6046,0.09826254
3069,19775,0.26016533
3070,16378,0.6595854
3071,16117,0.12431454
3072,7242,0.12598433
3073,1266,0.21080837
3074,14391,0.25570896
3075,732,0.39131606
3076,5096,0.17827615
3077,16379,0.6428894
3078,17933,0.4649161
3079,4266,0.12839079
3080,7116,0.13870353
3081,18985,0.35786563
3082,1673,0.20692842
3083,12894,0.7711732
3084,8584,0.5201636
3085,6115,0.108531564
3086,1437,0.048244063
3087,6378,0.3722615
3088,14621,0.19766477
3089,12750,0.20726565
3090,8829,0.5755015
3091,8292,0.081403814
3092,7432,0.21402039
3093,7233,0.15966858
3094,18842,0.15109088
3095,7972,0.21456343
3096,13886,0.136903
3097,8508,0.36603644
3098,6861,0.074449494
3099,18847,0.077766575
3100,7289,0.60661626
3101,6300,0.10099246
3102,44,0.2698678
3103,11526,0.14677306
3104,6666,0.1655509
3105,17479,0.17720354
3106,1305,0.06350744
3107,8954,0.25911143
3108,5392,0.16099943
3109,18893,0.36333862
3110,13750,0.1677882
3111,14290,0.22581641
3112,14407,0.26112583
3113,10884,0.15681122
3114,17844,0.17886862
3115,548,0.22564001
3116,657,0.24218522
3117,16278,0.07693782
3118,14755,0.17478734
3119,9078,0.14612521
3120,17942,0.22288968
3121,597,0.17062695
3122,10846,0.16987461
3123,6909,0.35999447
3124,5352,0.23340325
3125,1140,0.11428345
3126,14609,0.16463347
3127,9821,0.15270548
3128,8574,0.39557594
3129,12643,0.17353189
3130,17758,0.6316157
3131,15143,0.22102973
3132,10867,0.12791502
3133,17875,0.25007215
3134,1711,0.19025652
3135,12746,0.22659282
3136,2558,0.07490478
3137,2017,0.27317858
3138,7078,0.19576329
3139,4929,0.036021758
3140,9676,0.11419814
3141,336,0.2489392
3142,19369,0.69901174
3143,1262,0.18671931
3144,9307,0.46281913
3145,14954,0.2840764
3146,12950,0.34360144
3147,16340,0.07056521
3148,16772,0.13958658
3149,1328,0.21936278
3150,19370,0.10522784
3151,17854,0.07882786
3152,10741,0.31902078
3153,17617,0.15532838
3154,8473,0.2635723
3155,16991,0.35354757
3156,11690,0.45348534
3157,14193,0.4813193
3158,3876,0.26006648
3159,17261,0.15615174
3160,4827,0.49440435
3161,9886,0.11965677
3162,9360,0.6229972
3163,6158,0.1245282
3164,5754,0.17612724
3165,7528,0.22018811
3166,18952,0.2417948
3167,13066,0.5438696
3168,18407,0.22389446
3169,13392,0.12615281
3170,14835,0.274511
3171,6526,0.12924649
3172,12451,0.12882136
3173,16425,0.30595627
3174,9937,0.4579286
3175,15699,0.46376166
3176,4527,0.14887938
3177,88,0.14082576
3178,10860,0.2343367
3179,7867,0.21528527
3180,8907,0.6752998
3181,2258,0.4350452
3182,16038,0.101785064
3183,16737,0.18624426
3184,16171,0.33502436
3185,4660,0.16718026
3186,7574,0.13883595
3187,17323,0.16304073
3188,7449,0.35098743
3189,19036,0.43517494
3190,8382,0.13407546
3191,10505,0.18550839
3192,5062,0.21688256
3193,8610,0.2203581
3194,5475,0.030008512
3195,2310,0.31729588
3196,14256,0.07524161
3197,10382,0.14866434
3198,19961,0.049611896
3199,7825,0.2055976
3200,1120,0.11797758
3201,11358,0.16071425
3202,3240,0.0859353
3203,12487,0.15905872
3204,871,0.110158496
3205,17387,0.5276119
3206,13099,0.14141943
3207,10564,0.25386852
3208,6088,0.44207498
3209,6326,0.17640248
3210,14961,0.14874627
3211,13433,0.14007291
3212,967,0.41545206
3213,7534,0.12732226
3214,16634,0.22424479
3215,3321,0.4334497
3216,8744,0.2936555
3217,3916,0.088488795
3218,19011,0.68573564
3219,15547,0.09767357
3220,8894,0.51887345
3221,1228,0.12208689
3222,16942,0.13803418
3223,6092,0.36285615
3224,9856,0.3610372
3225,5287,0.20406002
3226,1014,0.1993485
3227,6802,0.15280122
3228,12809,0.13877152
3229,13037,0.19967991
3230,5698,0.43477365
3231,9116,0.12792341
3232,16519,0.14156428
3233,8209,0.20430087
3234,9088,0.14612521
3235,7232,0.09211093
3236,12942,0.21905963
3237,596,0.19707996
3238,14386,0.33739313
3239,18038,0.21186459
3240,2220,0.1648393
3241,17217,0.18909165
3242,19743,0.44014406
3243,11114,0.14279479
3244,7796,0.05725192
3245,3605,0.27638197
3246,15003,0.21855205
3247,2761,0.11324867
3248,18012,0.47287586
3249,18001,0.15547632
3250,1204,0.11341438
3251,13364,0.1436496
3252,15139,0.1753678
3253,15220,0.072607
3254,5351,0.28229702
3255,8336,0.013303548
3256,12903,0.115081385
3257,7107,0.28529245
3258,11472,0.28270352
3259,9250,0.1550817
3260,15183,0.3598853
3261,17378,0.14877136
3262,4709,0.09119158
3263,4811,0.17594545
3264,1581,0.39634302
3265,930,0.036788426
3266,12419,0.31659862
3267,16487,0.4126679
3268,8820,0.28914762
3269,13797,0.10586654
3270,1474,0.10152982
3271,9521,0.07919522
3272,3757,0.11070477
3273,3694,0.21220157
3274,1049,0.13545378
3275,3117,0.2735875
3276,8588,0.55388594
3277,14333,0.4191479
3278,18875,0.20817883
3279,10244,0.13178696
3280,2548,0.08378296
3281,16774,0.21537349
3282,1707,0.19995855
3283,8247,0.26517403
3284,13933,0.27296597
3285,17647,0.4400246
3286,4277,0.426092
3287,12488,0.13957644
3288,10699,0.62855124
3289,3755,0.50059277
3290,5156,0.16243967
3291,19201,0.3482642
3292,19205,0.072191246
3293,18718,0.520069
3294,17256,0.047439996
3295,10316,0.1803155
3296,10681,0.16170344
3297,3112,0.2855514
3298,19123,0.1639809
3299,5826,0.1245282
3300,4091,0.30060348
3301,1320,0.11230033
3302,17332,0.18611526
3303,4481,0.15271862
3304,10761,0.31118748
3305,566,0.07189255
3306,11951,0.08034276
3307,9627,0.17151566
3308,16272,0.25984144
3309,3589,0.17720528
3310,17229,0.46783808
3311,6752,0.12839179
3312,1121,0.1967068
3313,16096,0.30815676
3314,11015,0.15582559
3315,18278,0.19917881
3316,3736,0.113540925
3317,16654,0.19541354
3318,18721,0.47322762
3319,1920,0.12216954
3320,12910,0.33671212
3321,13732,0.244581
3322,5158,0.18923137
3323,4250,0.31215024
3324,15128,0.33175096
3325,4257,0.27197027
3326,2771,0.075360686
3327,16649,0.14845525
3328,11670,0.3827695
3329,10278,0.11558753
3330,9272,0.13935648
3331,10798,0.18702002
3332,15724,0.18974754
3333,7134,0.18338047
3334,7026,0.255232
3335,11851,0.082508
3336,17527,0.23500165
3337,10570,0.28158528
3338,5043,0.46240023
3339,4535,0.12424469
3340,17355,0.18380553
3341,17929,0.37943918
3342,3933,0.33493003
3343,17517,0.2011028
3344,11934,0.073895894
3345,1202,0.34245524
3346,1907,0.24640986
3347,16352,0.16650936
3348,17209,0.45937568
3349,5530,0.06589508
3350,9221,0.16545954
3351,17786,0.5216965
3352,16886,0.5332948
3353,14584,0.66080564
3354,17550,0.10345321
3355,12052,0.16825525
3356,19633,0.18969378
3357,8189,0.2357878
3358,7328,0.27627647
3359,3210,0.29605073
3360,2388,0.09253798
3361,5112,0.24969287
3362,17793,0.23094796
3363,1779,0.36996007
3364,7347,0.18766949
3365,6219,0.05994189
3366,9692,0.15088795
3367,19361,0.13699386
3368,13323,0.21336906
3369,14753,0.15845403
3370,17071,0.16940889
3371,6190,0.021818763
3372,1497,0.098015904
3373,12741,0.43299127
3374,2064,0.12977083
3375,16901,0.06583369
3376,13181,0.06070329
3377,13747,0.40018404
3378,10863,0.08610985
3379,5463,0.18384284
3380,10623,0.17979357
3381,19483,0.06615529
3382,17352,0.25706136
3383,7208,0.22854885
3384,5761,0.19967991
3385,11078,0.07860052
3386,4910,0.16771564
3387,13935,0.40722203
3388,14511,0.27717265
3389,12521,0.5389699
3390,15608,0.17880069
3391,7214,0.24674594
3392,14929,0.12309057
3393,9365,0.15602842
3394,16063,0.09725666
3395,4305,0.16948584
3396,18133,0.06038573
3397,5201,0.12420263
3398,11691,0.2512828
3399,19780,0.04118808
3400,10714,0.16114235
3401,2424,0.13631405
3402,10947,0.2376958
3403,10622,0.23021235
3404,18724,0.40865004
3405,7562,0.13121879
3406,6939,0.69307476
3407,10969,0.13031343
3408,12489,0.07664851
3409,12744,0.06921442
3410,10632,0.45987383
3411,15675,0.109747484
